{"subG1": {"p50": [156.0, 155.0, 149.0, 150.0, 150.0], "p99": [1702.0, 1389.0, 1079.0, 1042.0, 1024.0]}, "subG2": {"p50": [174883.0, 201118.0, 217323.0, 222706.0, 250957.0], "p99": [3473553.1499999966, 3589788.4800000004, 3247853.6500000013, 3196224.8000000026, 3085492.7799999993]}, "auc_queue": {"p50": [40.0, 158.0, 165.0, 180.0, 195.0], "p99": [1010.0, 5922.0, 12997.0, 20827.0, 12690.0]}, "per_queue": {"p50": [34.0, 99.0, 122.0, 116.0, 131.0], "p99": [548.0, 5877.530000000028, 12989.0, 20756.0, 12649.300000000047]}, "txn-begin": {"p50": [943.0, 869.0, 905.0, 844.0, 885.0], "p99": [5670.0899999999965, 5535.460000000006, 5604.559999999998, 5677.039999999979, 5918.0]}, "txn-send-offsets": {"p50": [1428268.5, 1428452.0, 1446299.0, 1505884.0, 1557326.5], "p99": [4259286.149999993, 4349198.940000001, 4900364.999999994, 4843515.719999968, 5438145.489999969]}, "txn-commit": {"p50": [666096.0, 690295.0, 691222.0, 680277.0, 721811.0], "p99": [2023856.1099999999, 1950558.9000000039, 2185912.52, 1938030.1599999997, 2220228.3299999987]}, "flush": {"p50": [5600659.0, 9634525.5, 10664162.0, 10562511.0, 10663599.0], "p99": [20655573.0, 25987049.06999976, 113454166.20000023, 31556540.079999674, 34155348.540000424]}, "commitLat": {"p50": [2133803.0, 2155032.0, 2180691.0, 2237207.0, 2333057.0], "p99": [6443161.799999994, 6854060.040000033, 9269363.639999967, 7619160.479999995, 9296593.159999963]}, "avgCommitLat": {"p50": [7.5, 9.0, 12.0, 12.0, 12.0], "p99": [28.0, 63.5, 166.37000000000262, 76.83999999999651, 106.0]}, "execIntrMs": {"p50": [13.0, 12.0, 12.0, 12.0, 12.0], "p99": [100.0, 100.0, 100.0, 100.0, 100.0]}}