{"subG1": {"p50": [157.0, 147.0, 149.0, 157.0, 144.0], "p99": [1796.0, 1480.0, 1134.0, 994.0, 802.0]}, "subG2": {"p50": [170616.0, 228718.5, 279272.0, 285928.0, 273261.0], "p99": [3501380.0999999978, 3693938.339999998, 3840409.800000008, 3221607.6899999985, 3303573.6000000034]}, "auc_queue": {"p50": [68.0, 66.0, 171.0, 223.0, 137.0], "p99": [445.0, 1436.0, 2364.0, 3698.0, 6769.0]}, "per_queue": {"p50": [65.0, 61.0, 115.0, 115.0, 140.0], "p99": [402.0, 1251.0, 2155.689999999944, 3550.0, 6721.0]}, "txn-begin": {"p50": [1555.0, 1539.0, 1339.0, 1355.0, 1390.0], "p99": [7265.959999999977, 6825.75, 7150.0, 6930.82, 6897.399999999994]}, "txn-send-offsets": {"p50": [1772351.0, 1671316.5, 1779489.5, 1749573.5, 1807107.0], "p99": [5975070.4399999855, 5871344.0, 9157989.429999996, 9203831.679999998, 12512184.159999952]}, "txn-commit": {"p50": [769997.0, 717568.0, 772596.5, 770897.5, 772768.0], "p99": [2700224.0, 2704526.25, 2932483.339999998, 2768764.82, 2864713.959999992]}, "flush": {"p50": [666387.0, 733363.0, 1008247.5, 1075444.0, 1094028.0], "p99": [21802476.27999932, 51644464.42000055, 184372398.58999977, 201602106.49999705, 266467342.90000695]}, "commitLat": {"p50": [2630418.0, 2458343.0, 2614481.5, 2577778.0, 2658906.0], "p99": [9305268.919999994, 10486772.75, 14332122.409999968, 13414083.359999998, 27618186.439999975]}, "avgCommitLat": {"p50": [2.0, 2.0, 2.5, 3.0, 3.0], "p99": [44.63999999999942, 158.375, 232.40500000000065, 244.0, 342.0]}, "execIntrMs": {"p50": [80.0, 59.0, 57.0, 56.0, 56.0], "p99": [101.0, 101.0, 105.0, 101.0, 101.0]}}