{"8000": {"p50": 26.0, "p99": 11077.470000000005}, "32000": {"p50": 21611.0, "p99": 80798.07999999999}}