{"8000": {"p50": 29.0, "p99": 23880.23999999999}, "12000": {"p50": 40.0, "p99": 31547.440000000002}}