{"8000": {"p50": 51.0, "p99": 100.11000000000013}, "32000": {"p50": 74.0, "p99": 2935.4999999999955}}