{"subG1": {"p50": [158.0, 150.0, 150.0, 149.0, 148.0], "p99": [1509.0100000000093, 1402.0, 1048.0, 836.0, 944.0]}, "subG2": {"p50": [169335.0, 225512.0, 292085.0, 302234.0, 362981.0], "p99": [3448989.0199999996, 3560363.8899999997, 3964207.1499999966, 3518680.24, 3779290.4799999977]}, "auc_queue": {"p50": [101.0, 110.0, 204.0, 216.0, 195.0], "p99": [565.0, 1377.0, 2568.0, 4551.0, 5629.0]}, "per_queue": {"p50": [94.0, 92.0, 149.0, 215.0, 253.0], "p99": [513.0, 1069.0, 2308.0, 4816.0, 5637.0]}, "txn-begin": {"p50": [1929.0, 1748.0, 1526.0, 1551.5, 1632.0], "p99": [7498.949999999939, 7587.630000000001, 7457.440000000002, 7309.82999999998, 8043.360000000001]}, "txn-send-offsets": {"p50": [1781982.5, 1754295.5, 1808918.0, 1850419.0, 1815574.5], "p99": [7251692.279999973, 8196429.540000027, 26889826.92000038, 12660856.039999777, 39663203.94000007]}, "txn-commit": {"p50": [794881.5, 784006.5, 798926.5, 774250.0, 791726.5], "p99": [3185655.939999991, 3184112.930000033, 3911807.3600000213, 3228074.349999999, 3463909.490000003]}, "flush": {"p50": [28875.0, 771336.0, 1127839.0, 1254839.0, 1256192.0], "p99": [31774547.69999973, 191761445.32000074, 286773334.36999935, 344432331.5400005, 447747082.6999998]}, "commitLat": {"p50": [2645353.5, 2618974.0, 2648741.0, 2679447.0, 2654715.5], "p99": [11283889.839999897, 14352567.410000108, 93955461.41000007, 32253112.089999236, 102079309.17999999]}, "avgCommitLat": {"p50": [2.0, 2.0, 3.0, 3.0, 3.0], "p99": [95.0, 200.3150000000005, 316.0849999999991, 398.1599999999962, 378.2000000000007]}, "execIntrMs": {"p50": [123.0, 119.0, 110.0, 109.0, 112.0], "p99": [201.0, 201.0, 201.0, 201.0, 201.0]}}